{
    "DataType": "WorldStorageEntityData",
    "DataVersion": 0,
    "GameVersion": "0.3.3f11",
    "GUID": "4a1d3e02-562b-457a-a56d-5c2513a17905",
    "Contents": {
        "Items": [
            "{\"DataType\":\"CashData\",\"DataVersion\":0,\"GameVersion\":\"0.3.3f11\",\"ID\":\"cash\",\"Quantity\":1,\"CashBalance\":175.0}",
            "{\"DataType\":\"ItemData\",\"DataVersion\":0,\"GameVersion\":\"0.3.3f11\",\"ID\":\"\",\"Quantity\":0}",
            "{\"DataType\":\"ItemData\",\"DataVersion\":0,\"GameVersion\":\"0.3.3f11\",\"ID\":\"\",\"Quantity\":0}",
            "{\"DataType\":\"ItemData\",\"DataVersion\":0,\"GameVersion\":\"0.3.3f11\",\"ID\":\"\",\"Quantity\":0}",
            "{\"DataType\":\"ItemData\",\"DataVersion\":0,\"GameVersion\":\"0.3.3f11\",\"ID\":\"\",\"Quantity\":0}"
        ]
    }
}