{
    "DataType": "WorldStorageEntityData",
    "DataVersion": 0,
    "GameVersion": "0.3.3f14",
    "GUID": "11043234-65f2-4861-aafa-a695ee9775ad",
    "Contents": {
        "Items": [
            "{\"DataType\":\"CashData\",\"DataVersion\":0,\"GameVersion\":\"0.3.3f14\",\"ID\":\"cash\",\"Quantity\":1,\"CashBalance\":120.0}",
            "{\"DataType\":\"ItemData\",\"DataVersion\":0,\"GameVersion\":\"0.3.3f14\",\"ID\":\"\",\"Quantity\":0}",
            "{\"DataType\":\"ItemData\",\"DataVersion\":0,\"GameVersion\":\"0.3.3f14\",\"ID\":\"\",\"Quantity\":0}",
            "{\"DataType\":\"ItemData\",\"DataVersion\":0,\"GameVersion\":\"0.3.3f14\",\"ID\":\"\",\"Quantity\":0}",
            "{\"DataType\":\"ItemData\",\"DataVersion\":0,\"GameVersion\":\"0.3.3f14\",\"ID\":\"\",\"Quantity\":0}"
        ]
    }
}