{
    "DataType": "WorldStorageEntityData",
    "DataVersion": 0,
    "GameVersion": "0.3.3f14",
    "GUID": "b77c6f13-4f79-41a3-87fe-591957b299a8",
    "Contents": {
        "Items": [
            "{\"DataType\":\"CashData\",\"DataVersion\":0,\"GameVersion\":\"0.3.3f14\",\"ID\":\"cash\",\"Quantity\":1,\"CashBalance\":80.0}",
            "{\"DataType\":\"ItemData\",\"DataVersion\":0,\"GameVersion\":\"0.3.3f14\",\"ID\":\"\",\"Quantity\":0}",
            "{\"DataType\":\"ItemData\",\"DataVersion\":0,\"GameVersion\":\"0.3.3f14\",\"ID\":\"\",\"Quantity\":0}",
            "{\"DataType\":\"ItemData\",\"DataVersion\":0,\"GameVersion\":\"0.3.3f14\",\"ID\":\"\",\"Quantity\":0}",
            "{\"DataType\":\"ItemData\",\"DataVersion\":0,\"GameVersion\":\"0.3.3f14\",\"ID\":\"\",\"Quantity\":0}"
        ]
    }
}