{
    "DataType": "CustomerData",
    "DataVersion": 0,
    "GameVersion": "0.3.3f11",
    "Dependence": 0.0,
    "PurchaseableProducts": [],
    "ProductAffinities": [
        0.550000011920929,
        0.27000001072883608,
        -0.6100000143051148
    ],
    "TimeSinceLastDealCompleted": 1001359,
    "TimeSinceLastDealOffered": 1001359,
    "OfferedDeals": 0,
    "CompletedDeals": 0,
    "IsContractOffered": false,
    "OfferedContract": {
        "Payment": 0.0,
        "Products": {
            "entries": []
        },
        "DeliveryLocationGUID": "",
        "DeliveryWindow": {
            "IsEnabled": false,
            "WindowStartTime": 1200,
            "WindowEndTime": 1800
        },
        "Expires": false,
        "ExpiresAfter": 0,
        "PickupScheduleIndex": 0,
        "IsCounterOffer": false
    },
    "OfferedContractTime": {
        "elapsedDays": 0,
        "time": 0
    },
    "TimeSincePlayerApproached": 290,
    "TimeSinceInstantDealOffered": 290,
    "HasBeenRecommended": false
}