{
    "DataType": "TrashContainerData",
    "DataVersion": 0,
    "GameVersion": "0.3.3f11",
    "GUID": "855ebce2-8ed6-437c-9783-9bda3456658e",
    "ItemString": "{\n    \"DataType\": \"ItemData\",\n    \"DataVersion\": 0,\n    \"GameVersion\": \"0.3.3f11\",\n    \"ID\": \"trashcan\",\n    \"Quantity\": 1\n}",
    "LoadOrder": 0,
    "GridGUID": "46a785d3-e21e-4117-8366-ebddea345dee",
    "OriginCoordinate": {
        "x": 8.0,
        "y": 10.0
    },
    "Rotation": 0,
    "ContentData": {
        "TrashIDs": [],
        "TrashQuantities": []
    }
}