{
    "DataType": "CustomerData",
    "DataVersion": 0,
    "GameVersion": "0.3.3f11",
    "Dependence": 0.20000000298023225,
    "PurchaseableProducts": [],
    "ProductAffinities": [
        0.7799999713897705,
        -0.6600000262260437,
        0.15000000596046449
    ],
    "TimeSinceLastDealCompleted": 1001094,
    "TimeSinceLastDealOffered": 27,
    "OfferedDeals": 1,
    "CompletedDeals": 0,
    "IsContractOffered": false,
    "OfferedContract": {
        "Payment": 0.0,
        "Products": {
            "entries": []
        },
        "DeliveryLocationGUID": "",
        "DeliveryWindow": {
            "IsEnabled": false,
            "WindowStartTime": 1200,
            "WindowEndTime": 1800
        },
        "Expires": false,
        "ExpiresAfter": 0,
        "PickupScheduleIndex": 0,
        "IsCounterOffer": false
    },
    "OfferedContractTime": {
        "elapsedDays": 0,
        "time": 0
    },
    "TimeSincePlayerApproached": 25,
    "TimeSinceInstantDealOffered": 25,
    "HasBeenRecommended": false
}