{
    "Items": [
        "{\"DataType\":\"ClothingData\",\"DataVersion\":0,\"GameVersion\":\"0.3.3f14\",\"ID\":\"sneakers\",\"Quantity\":1,\"Color\":10}",
        "{\"DataType\":\"ClothingData\",\"DataVersion\":0,\"GameVersion\":\"0.3.3f14\",\"ID\":\"jeans\",\"Quantity\":1,\"Color\":3}",
        "{\"DataType\":\"ItemData\",\"DataVersion\":0,\"GameVersion\":\"0.3.3f14\",\"ID\":\"\",\"Quantity\":0}",
        "{\"DataType\":\"ClothingData\",\"DataVersion\":0,\"GameVersion\":\"0.3.3f14\",\"ID\":\"tshirt\",\"Quantity\":1,\"Color\":21}",
        "{\"DataType\":\"ItemData\",\"DataVersion\":0,\"GameVersion\":\"0.3.3f14\",\"ID\":\"\",\"Quantity\":0}",
        "{\"DataType\":\"ItemData\",\"DataVersion\":0,\"GameVersion\":\"0.3.3f14\",\"ID\":\"\",\"Quantity\":0}",
        "{\"DataType\":\"ItemData\",\"DataVersion\":0,\"GameVersion\":\"0.3.3f14\",\"ID\":\"\",\"Quantity\":0}",
        "{\"DataType\":\"ItemData\",\"DataVersion\":0,\"GameVersion\":\"0.3.3f14\",\"ID\":\"\",\"Quantity\":0}",
        "{\"DataType\":\"ItemData\",\"DataVersion\":0,\"GameVersion\":\"0.3.3f14\",\"ID\":\"\",\"Quantity\":0}",
        "{\"DataType\":\"ItemData\",\"DataVersion\":0,\"GameVersion\":\"0.3.3f14\",\"ID\":\"\",\"Quantity\":0}"
    ]
}