{
    "DataType": "PlaceableStorageData",
    "DataVersion": 0,
    "GameVersion": "0.3.3f11",
    "GUID": "3a757d1a-2278-4431-8517-a64c74c6391f",
    "ItemString": "{\n    \"DataType\": \"ItemData\",\n    \"DataVersion\": 0,\n    \"GameVersion\": \"0.3.3f11\",\n    \"ID\": \"mediumstoragerack\",\n    \"Quantity\": 1\n}",
    "LoadOrder": 0,
    "GridGUID": "a2d8a32d-1ddc-4920-a74e-bdb63f10272e",
    "OriginCoordinate": {
        "x": 0.0,
        "y": 2.0
    },
    "Rotation": 90,
    "Contents": {
        "Items": [
            "{\"DataType\":\"WateringCanData\",\"DataVersion\":0,\"GameVersion\":\"0.3.3f11\",\"ID\":\"wateringcan\",\"Quantity\":1,\"CurrentFillAmount\":0.0}",
            "{\"DataType\":\"ItemData\",\"DataVersion\":0,\"GameVersion\":\"0.3.3f11\",\"ID\":\"trimmers\",\"Quantity\":1}",
            "{\"DataType\":\"ItemData\",\"DataVersion\":0,\"GameVersion\":\"0.3.3f11\",\"ID\":\"\",\"Quantity\":0}",
            "{\"DataType\":\"ItemData\",\"DataVersion\":0,\"GameVersion\":\"0.3.3f11\",\"ID\":\"\",\"Quantity\":0}",
            "{\"DataType\":\"ItemData\",\"DataVersion\":0,\"GameVersion\":\"0.3.3f11\",\"ID\":\"\",\"Quantity\":0}",
            "{\"DataType\":\"ItemData\",\"DataVersion\":0,\"GameVersion\":\"0.3.3f11\",\"ID\":\"\",\"Quantity\":0}"
        ]
    }
}