{
    "DataType": "PotData",
    "DataVersion": 0,
    "GameVersion": "0.3.3f11",
    "GUID": "46b275ec-6cfd-4263-aa6d-6fe8c76b1e52",
    "ItemString": "{\n    \"DataType\": \"ItemData\",\n    \"DataVersion\": 0,\n    \"GameVersion\": \"0.3.3f11\",\n    \"ID\": \"plasticpot\",\n    \"Quantity\": 1\n}",
    "LoadOrder": 0,
    "GridGUID": "f7694a89-9468-41be-bccd-91fe27cbe5e7",
    "OriginCoordinate": {
        "x": 1.0,
        "y": 2.0
    },
    "Rotation": -90,
    "SoilID": "soil",
    "SoilLevel": 20.0,
    "RemainingSoilUses": 1,
    "WaterLevel": 1.1145867109298707,
    "AppliedAdditives": [],
    "PlantData": {
        "DataType": "PlantData",
        "DataVersion": 0,
        "GameVersion": "0.3.3f11",
        "SeedID": "ogkushseed",
        "GrowthProgress": 0.6648141145706177,
        "YieldLevel": 0.6700000166893005,
        "QualityLevel": 0.44999998807907107,
        "ActiveBuds": [
            1,
            4,
            5,
            7,
            8,
            9,
            10,
            11
        ]
    }
}