{
    "DataType": "PlaceableStorageData",
    "DataVersion": 0,
    "GameVersion": "0.3.3f14",
    "GUID": "03045418-8674-4368-95c9-e9cfd0b47095",
    "ItemString": "{\n    \"DataType\": \"ItemData\",\n    \"DataVersion\": 0,\n    \"GameVersion\": \"0.3.3f14\",\n    \"ID\": \"bed\",\n    \"Quantity\": 1\n}",
    "LoadOrder": 0,
    "GridGUID": "efc3aaed-d40e-4075-8fc5-79664c851628",
    "OriginCoordinate": {
        "x": 0.0,
        "y": 11.0
    },
    "Rotation": 90,
    "Contents": {
        "Items": [
            "{\"DataType\":\"ItemData\",\"DataVersion\":0,\"GameVersion\":\"0.3.3f14\",\"ID\":\"\",\"Quantity\":0}",
            "{\"DataType\":\"ItemData\",\"DataVersion\":0,\"GameVersion\":\"0.3.3f14\",\"ID\":\"\",\"Quantity\":0}",
            "{\"DataType\":\"ItemData\",\"DataVersion\":0,\"GameVersion\":\"0.3.3f14\",\"ID\":\"\",\"Quantity\":0}",
            "{\"DataType\":\"ItemData\",\"DataVersion\":0,\"GameVersion\":\"0.3.3f14\",\"ID\":\"\",\"Quantity\":0}"
        ]
    }
}