{
    "DataType": "MetaData",
    "DataVersion": 0,
    "GameVersion": "0.3.3f11",
    "CreationDate": {
        "DataType": "DateTimeData",
        "DataVersion": 0,
        "GameVersion": "0.3.3f11",
        "Year": 2025,
        "Month": 3,
        "Day": 27,
        "Hour": 21,
        "Minute": 34,
        "Second": 23
    },
    "LastPlayedDate": {
        "DataType": "DateTimeData",
        "DataVersion": 0,
        "GameVersion": "0.3.3f11",
        "Year": 2025,
        "Month": 3,
        "Day": 27,
        "Hour": 21,
        "Minute": 35,
        "Second": 2
    },
    "CreationVersion": "0.3.3f11",
    "LastSaveVersion": "0.3.3f11",
    "PlayTutorial": false
}