{
    "DataType": "MetaData",
    "DataVersion": 0,
    "GameVersion": "0.3.3f14",
    "CreationDate": {
        "DataType": "DateTimeData",
        "DataVersion": 0,
        "GameVersion": "0.3.3f14",
        "Year": 2025,
        "Month": 4,
        "Day": 3,
        "Hour": 13,
        "Minute": 44,
        "Second": 7
    },
    "LastPlayedDate": {
        "DataType": "DateTimeData",
        "DataVersion": 0,
        "GameVersion": "0.3.3f14",
        "Year": 2025,
        "Month": 4,
        "Day": 3,
        "Hour": 13,
        "Minute": 44,
        "Second": 33
    },
    "CreationVersion": "0.3.3f14",
    "LastSaveVersion": "0.3.3f14",
    "PlayTutorial": false
}