{
    "DataType": "ProceduralGridItemData",
    "DataVersion": 0,
    "GameVersion": "0.3.3f14",
    "GUID": "98648644-f1a1-4106-9197-cec0c7ed1a73",
    "ItemString": "{\n    \"DataType\": \"ItemData\",\n    \"DataVersion\": 0,\n    \"GameVersion\": \"0.3.3f14\",\n    \"ID\": \"ledgrowlight\",\n    \"Quantity\": 1\n}",
    "LoadOrder": 50,
    "Rotation": -90,
    "FootprintMatches": [
        {
            "TileOwnerGUID": "011cc508-c95a-409d-b2fb-37bf19b8f110",
            "TileIndex": 3,
            "FootprintCoordinate": {
                "x": 0.0,
                "y": 0.0
            }
        },
        {
            "TileOwnerGUID": "011cc508-c95a-409d-b2fb-37bf19b8f110",
            "TileIndex": 2,
            "FootprintCoordinate": {
                "x": 0.0,
                "y": 1.0
            }
        },
        {
            "TileOwnerGUID": "011cc508-c95a-409d-b2fb-37bf19b8f110",
            "TileIndex": 0,
            "FootprintCoordinate": {
                "x": 1.0,
                "y": 0.0
            }
        },
        {
            "TileOwnerGUID": "011cc508-c95a-409d-b2fb-37bf19b8f110",
            "TileIndex": 1,
            "FootprintCoordinate": {
                "x": 1.0,
                "y": 1.0
            }
        }
    ]
}