{
    "DataType": "QuestData",
    "DataVersion": 0,
    "GameVersion": "0.3.3f14",
    "GUID": "a63d0e02-84fa-4922-96a3-18cad4c05fc9",
    "State": 0,
    "IsTracked": false,
    "Title": "We Need To Cook",
    "Description": "You're not going to get too far if you're only pushing weed. Time to move onto something a bit harder.",
    "Expires": false,
    "ExpiryDate": {
        "DataType": "GameDateTimeData",
        "DataVersion": 0,
        "GameVersion": "0.3.3f14",
        "ElapsedDays": 0,
        "Time": 0
    },
    "Entries": [
        {
            "DataType": "QuestEntryData",
            "DataVersion": 0,
            "GameVersion": "0.3.3f14",
            "Name": "Talk to Uncle Nelson at a payphone",
            "State": 0
        },
        {
            "DataType": "QuestEntryData",
            "DataVersion": 0,
            "GameVersion": "0.3.3f14",
            "Name": "Unlock the pseudo supplier in Westville (see contacts app for more info)",
            "State": 0
        },
        {
            "DataType": "QuestEntryData",
            "DataVersion": 0,
            "GameVersion": "0.3.3f14",
            "Name": "Purchase a chemistry station from Oscar",
            "State": 0
        },
        {
            "DataType": "QuestEntryData",
            "DataVersion": 0,
            "GameVersion": "0.3.3f14",
            "Name": "Purchase a lab oven from Oscar",
            "State": 0
        },
        {
            "DataType": "QuestEntryData",
            "DataVersion": 0,
            "GameVersion": "0.3.3f14",
            "Name": "Purchase acid from Oscar",
            "State": 0
        },
        {
            "DataType": "QuestEntryData",
            "DataVersion": 0,
            "GameVersion": "0.3.3f14",
            "Name": "Purchase phosphorus from Oscar",
            "State": 0
        },
        {
            "DataType": "QuestEntryData",
            "DataVersion": 0,
            "GameVersion": "0.3.3f14",
            "Name": "Message Shirley about buying some pseudo",
            "State": 0
        },
        {
            "DataType": "QuestEntryData",
            "DataVersion": 0,
            "GameVersion": "0.3.3f14",
            "Name": "Cook liquid meth at the chemistry station",
            "State": 0
        },
        {
            "DataType": "QuestEntryData",
            "DataVersion": 0,
            "GameVersion": "0.3.3f14",
            "Name": "Bake the liquid meth with the lab oven",
            "State": 0
        }
    ]
}