{
    "DataType": "QuestData",
    "DataVersion": 0,
    "GameVersion": "0.3.3f11",
    "GUID": "a1c3b3d6-e9ec-4153-9ee4-da7e93349f3b",
    "State": 0,
    "IsTracked": false,
    "Title": "On the Grind",
    "Description": "Get some deals done, and start expanding your network.",
    "Expires": false,
    "ExpiryDate": {
        "DataType": "GameDateTimeData",
        "DataVersion": 0,
        "GameVersion": "0.3.3f11",
        "ElapsedDays": 0,
        "Time": 0
    },
    "Entries": [
        {
            "DataType": "QuestEntryData",
            "DataVersion": 0,
            "GameVersion": "0.3.3f11",
            "Name": "Wait for a message from a customer",
            "State": 0
        },
        {
            "DataType": "QuestEntryData",
            "DataVersion": 0,
            "GameVersion": "0.3.3f11",
            "Name": "Schedule your first deal",
            "State": 0
        },
        {
            "DataType": "QuestEntryData",
            "DataVersion": 0,
            "GameVersion": "0.3.3f11",
            "Name": "Complete your first deal",
            "State": 0
        },
        {
            "DataType": "QuestEntryData",
            "DataVersion": 0,
            "GameVersion": "0.3.3f11",
            "Name": "Buy and place another grow tent",
            "State": 0
        },
        {
            "DataType": "QuestEntryData",
            "DataVersion": 0,
            "GameVersion": "0.3.3f11",
            "Name": "Complete 3 deals (0/3)",
            "State": 0
        },
        {
            "DataType": "QuestEntryData",
            "DataVersion": 0,
            "GameVersion": "0.3.3f11",
            "Name": "Talk to Uncle Nelson at a payphone",
            "State": 0
        },
        {
            "DataType": "QuestEntryData",
            "DataVersion": 0,
            "GameVersion": "0.3.3f11",
            "Name": "Open the contacts app",
            "State": 0
        },
        {
            "DataType": "QuestEntryData",
            "DataVersion": 0,
            "GameVersion": "0.3.3f11",
            "Name": "Select a friend of an unlocked customer in your contacts app",
            "State": 0
        },
        {
            "DataType": "QuestEntryData",
            "DataVersion": 0,
            "GameVersion": "0.3.3f11",
            "Name": "Open the map app to see your potential customers",
            "State": 0
        },
        {
            "DataType": "QuestEntryData",
            "DataVersion": 0,
            "GameVersion": "0.3.3f11",
            "Name": "Offer a free sample to a potential customer",
            "State": 0
        }
    ]
}