{
    "DataType": "QuestData",
    "DataVersion": 0,
    "GameVersion": "0.3.3f11",
    "GUID": "948de7e1-6b87-49ba-bf84-4e56217817e3",
    "State": 0,
    "IsTracked": false,
    "Title": "Packin'",
    "Description": "Learn the basics of growing and selling weed.",
    "Expires": false,
    "ExpiryDate": {
        "DataType": "GameDateTimeData",
        "DataVersion": 0,
        "GameVersion": "0.3.3f11",
        "ElapsedDays": 0,
        "Time": 0
    },
    "Entries": [
        {
            "DataType": "QuestEntryData",
            "DataVersion": 0,
            "GameVersion": "0.3.3f11",
            "Name": "Buy 1x plant trimmers",
            "State": 0
        },
        {
            "DataType": "QuestEntryData",
            "DataVersion": 0,
            "GameVersion": "0.3.3f11",
            "Name": "Buy 1x packaging station",
            "State": 0
        },
        {
            "DataType": "QuestEntryData",
            "DataVersion": 0,
            "GameVersion": "0.3.3f11",
            "Name": "Buy 10x baggies",
            "State": 0
        },
        {
            "DataType": "QuestEntryData",
            "DataVersion": 0,
            "GameVersion": "0.3.3f11",
            "Name": "Place the packaging station in the motel room",
            "State": 0
        }
    ]
}