{
    "DataType": "QuestData",
    "DataVersion": 0,
    "GameVersion": "0.3.3f11",
    "GUID": "8c44ad67-83a8-45c5-aeb1-8fed14cf3d71",
    "State": 0,
    "IsTracked": false,
    "Title": "Gearing Up",
    "Description": "",
    "Expires": false,
    "ExpiryDate": {
        "DataType": "GameDateTimeData",
        "DataVersion": 0,
        "GameVersion": "0.3.3f11",
        "ElapsedDays": 0,
        "Time": 0
    },
    "Entries": [
        {
            "DataType": "QuestEntryData",
            "DataVersion": 0,
            "GameVersion": "0.3.3f11",
            "Name": "Go to the hardware store",
            "State": 0
        },
        {
            "DataType": "QuestEntryData",
            "DataVersion": 0,
            "GameVersion": "0.3.3f11",
            "Name": "Buy 1x grow tent",
            "State": 0
        },
        {
            "DataType": "QuestEntryData",
            "DataVersion": 0,
            "GameVersion": "0.3.3f11",
            "Name": "Buy 1x soil",
            "State": 0
        },
        {
            "DataType": "QuestEntryData",
            "DataVersion": 0,
            "GameVersion": "0.3.3f11",
            "Name": "Buy 1x watering can",
            "State": 0
        },
        {
            "DataType": "QuestEntryData",
            "DataVersion": 0,
            "GameVersion": "0.3.3f11",
            "Name": "Head back to the motel room",
            "State": 0
        },
        {
            "DataType": "QuestEntryData",
            "DataVersion": 0,
            "GameVersion": "0.3.3f11",
            "Name": "Place the grow tent and fill it with soil",
            "State": 0
        },
        {
            "DataType": "QuestEntryData",
            "DataVersion": 0,
            "GameVersion": "0.3.3f11",
            "Name": "Talk to Uncle Nelson at a payphone",
            "State": 0
        },
        {
            "DataType": "QuestEntryData",
            "DataVersion": 0,
            "GameVersion": "0.3.3f11",
            "Name": "Order 1x OG Kush Seed from Albert Hoover",
            "State": 0
        },
        {
            "DataType": "QuestEntryData",
            "DataVersion": 0,
            "GameVersion": "0.3.3f11",
            "Name": "Wait for the dead drop",
            "State": 0
        },
        {
            "DataType": "QuestEntryData",
            "DataVersion": 0,
            "GameVersion": "0.3.3f11",
            "Name": "Collect the dead drop",
            "State": 0
        },
        {
            "DataType": "QuestEntryData",
            "DataVersion": 0,
            "GameVersion": "0.3.3f11",
            "Name": "Sow a weed seed",
            "State": 0
        },
        {
            "DataType": "QuestEntryData",
            "DataVersion": 0,
            "GameVersion": "0.3.3f11",
            "Name": "Water the weed plant",
            "State": 0
        },
        {
            "DataType": "QuestEntryData",
            "DataVersion": 0,
            "GameVersion": "0.3.3f11",
            "Name": "Harvest the weed plant once fully grown",
            "State": 0
        },
        {
            "DataType": "QuestEntryData",
            "DataVersion": 0,
            "GameVersion": "0.3.3f11",
            "Name": "Package at least 3x weed",
            "State": 0
        },
        {
            "DataType": "QuestEntryData",
            "DataVersion": 0,
            "GameVersion": "0.3.3f11",
            "Name": "List OG Kush for sale in the product manager app",
            "State": 0
        }
    ]
}