{
    "DataType": "QuestData",
    "DataVersion": 0,
    "GameVersion": "0.3.3f14",
    "GUID": "a3f6ef26-47eb-462a-ad58-8767d45a1737",
    "State": 0,
    "IsTracked": false,
    "Title": "Clean Cash",
    "Description": "You've reached your ATM daily deposit limit. If you want to convert more cash to online balance, you'll need to start laundering cash through a business.",
    "Expires": false,
    "ExpiryDate": {
        "DataType": "GameDateTimeData",
        "DataVersion": 0,
        "GameVersion": "0.3.3f14",
        "ElapsedDays": 0,
        "Time": 0
    },
    "Entries": [
        {
            "DataType": "QuestEntryData",
            "DataVersion": 0,
            "GameVersion": "0.3.3f14",
            "Name": "Talk to Uncle Nelson at a payphone",
            "State": 0
        },
        {
            "DataType": "QuestEntryData",
            "DataVersion": 0,
            "GameVersion": "0.3.3f14",
            "Name": "Purchase a business at Ray's Realty",
            "State": 0
        },
        {
            "DataType": "QuestEntryData",
            "DataVersion": 0,
            "GameVersion": "0.3.3f14",
            "Name": "Go to your new business",
            "State": 0
        },
        {
            "DataType": "QuestEntryData",
            "DataVersion": 0,
            "GameVersion": "0.3.3f14",
            "Name": "Use the laundering station to start a new laundering operation",
            "State": 0
        },
        {
            "DataType": "QuestEntryData",
            "DataVersion": 0,
            "GameVersion": "0.3.3f14",
            "Name": "Wait for the laundering operation to complete",
            "State": 0
        }
    ]
}