{
    "DataType": "PlaceableStorageData",
    "DataVersion": 0,
    "GameVersion": "0.3.3f11",
    "GUID": "2cd9f956-ea18-4301-8051-abf546727be7",
    "ItemString": "{\n    \"DataType\": \"ItemData\",\n    \"DataVersion\": 0,\n    \"GameVersion\": \"0.3.3f11\",\n    \"ID\": \"smallstoragerack\",\n    \"Quantity\": 1\n}",
    "LoadOrder": 0,
    "GridGUID": "a94f4d7e-de6e-4f6e-8c60-aa0b2c5ab190",
    "OriginCoordinate": {
        "x": 1.0,
        "y": 5.0
    },
    "Rotation": 180,
    "Contents": {
        "Items": [
            "{\"DataType\":\"ItemData\",\"DataVersion\":0,\"GameVersion\":\"0.3.3f11\",\"ID\":\"\",\"Quantity\":0}",
            "{\"DataType\":\"ItemData\",\"DataVersion\":0,\"GameVersion\":\"0.3.3f11\",\"ID\":\"\",\"Quantity\":0}",
            "{\"DataType\":\"ItemData\",\"DataVersion\":0,\"GameVersion\":\"0.3.3f11\",\"ID\":\"\",\"Quantity\":0}",
            "{\"DataType\":\"ItemData\",\"DataVersion\":0,\"GameVersion\":\"0.3.3f11\",\"ID\":\"\",\"Quantity\":0}"
        ]
    }
}