{
    "DataType": "CustomerData",
    "DataVersion": 0,
    "GameVersion": "0.3.3f11",
    "Dependence": 0.0,
    "PurchaseableProducts": [],
    "ProductAffinities": [
        -0.8760068416595459,
        0.418253630399704,
        0.6501095294952393
    ],
    "TimeSinceLastDealCompleted": 1000292,
    "TimeSinceLastDealOffered": 1000292,
    "OfferedDeals": 0,
    "CompletedDeals": 0,
    "IsContractOffered": false,
    "OfferedContract": {
        "Payment": 0.0,
        "Products": {
            "entries": []
        },
        "DeliveryLocationGUID": "",
        "DeliveryWindow": {
            "IsEnabled": false,
            "WindowStartTime": 1200,
            "WindowEndTime": 1800
        },
        "Expires": false,
        "ExpiresAfter": 0,
        "PickupScheduleIndex": 0,
        "IsCounterOffer": false
    },
    "OfferedContractTime": {
        "elapsedDays": 0,
        "time": 0
    },
    "TimeSincePlayerApproached": 1000292,
    "TimeSinceInstantDealOffered": 1000292,
    "HasBeenRecommended": false
}